City_ID,City,Country,Date,Lat,Lng,Max Temp,Humidity,Cloudiness,Wind Speed,Current_Description
0,Mataura,NZ,2022-02-05 00:51:09,-46.1927,168.8643,55.47,40,20,3.2,few clouds
1,Airai,TL,2022-02-05 00:51:10,-8.9266,125.4092,70.25,70,100,1.63,overcast clouds
2,Atasu,KZ,2022-02-05 00:51:10,48.6814,71.6433,6.51,79,5,9.86,clear sky
3,Nyuzen,JP,2022-02-05 00:51:11,36.9333,137.5,34.5,86,100,15.37,snow
4,Rikitea,PF,2022-02-05 00:50:16,-23.1203,-134.9692,79.03,67,5,5.95,clear sky
5,Chandvad,IN,2022-02-05 00:51:11,20.3333,74.25,54.66,46,100,2.59,overcast clouds
6,Kaitangata,NZ,2022-02-05 00:51:12,-46.2817,169.8464,59.04,49,28,7.29,scattered clouds
7,East London,ZA,2022-02-05 00:51:12,-33.0153,27.9116,68.86,85,100,7.43,light rain
8,Cape Town,ZA,2022-02-05 00:51:12,-33.9258,18.4232,64.89,68,0,5.01,clear sky
9,Najran,SA,2022-02-05 00:51:13,17.4924,44.1277,66.85,71,4,8.57,clear sky
10,Pisco,PE,2022-02-05 00:47:28,-13.7,-76.2167,68.05,83,0,18.41,clear sky
11,Lasa,IT,2022-02-05 00:51:14,46.6166,10.7002,38.66,83,14,6.2,few clouds
12,Kijang,KR,2022-02-05 00:51:14,35.2442,129.2139,28.13,46,8,14.58,clear sky
13,Saint-Georges,GD,2022-02-05 00:51:14,12.0564,-61.7485,76.68,78,20,10.36,few clouds
14,Arraial Do Cabo,BR,2022-02-05 00:51:15,-22.9661,-42.0278,76.26,87,100,21.36,overcast clouds
15,Dawei,MM,2022-02-05 00:51:15,14.0833,98.2,74.21,83,82,3.56,broken clouds
16,Hilo,US,2022-02-05 00:48:34,19.7297,-155.09,78.53,77,100,6.91,overcast clouds
17,Albany,US,2022-02-05 00:48:04,42.6001,-73.9662,20.26,86,100,1.99,overcast clouds
18,Essex,US,2022-02-05 00:51:16,40.7834,-74.2163,34.09,90,100,4.0,light snow
19,Busselton,AU,2022-02-05 00:51:16,-33.65,115.3333,83.26,32,2,4.45,clear sky
20,Punta Arenas,CL,2022-02-05 00:51:17,-53.15,-70.9167,51.91,62,0,3.44,clear sky
21,Itarema,BR,2022-02-05 00:51:18,-2.9248,-39.9167,79.14,80,62,10.09,broken clouds
22,Ushuaia,AR,2022-02-05 00:50:26,-54.8,-68.3,51.46,62,0,11.5,clear sky
23,Cidreira,BR,2022-02-05 00:46:19,-30.1811,-50.2056,73.0,91,24,4.97,few clouds
24,Progreso,MX,2022-02-05 00:51:18,21.2833,-89.6667,77.11,86,63,10.94,broken clouds
25,Yellowknife,CA,2022-02-05 00:51:19,62.456,-114.3525,-26.72,80,40,2.3,scattered clouds
26,Puerto Ayora,EC,2022-02-05 00:51:19,-0.7393,-90.3518,75.54,92,70,3.0,broken clouds
27,Aswan,EG,2022-02-05 00:45:16,24.0934,32.907,51.1,50,0,5.75,clear sky
28,Lashio,MM,2022-02-05 00:51:20,22.9333,97.75,50.14,65,0,1.12,clear sky
29,Butaritari,KI,2022-02-05 00:50:22,3.0707,172.7902,82.45,77,18,18.81,few clouds
30,Jamestown,US,2022-02-05 00:47:20,42.097,-79.2353,19.09,51,100,3.44,overcast clouds
31,Muisne,EC,2022-02-05 00:51:21,0.6,-80.0333,76.84,81,87,4.36,overcast clouds
32,Provideniya,RU,2022-02-05 00:51:21,64.3833,-173.3,4.3,60,3,10.65,clear sky
33,Vardo,NO,2022-02-05 00:51:22,70.3705,31.1107,21.4,93,100,33.64,snow
34,Lanquin,GT,2022-02-05 00:51:22,15.5667,-89.9667,74.93,98,10,3.29,clear sky
35,Khatanga,RU,2022-02-05 00:47:29,71.9667,102.5,-36.27,100,86,2.51,overcast clouds
36,Bluff,NZ,2022-02-05 00:51:23,-46.6,168.3333,55.8,57,65,6.06,broken clouds
37,Avarua,CK,2022-02-05 00:51:23,-21.2078,-159.775,82.45,83,40,13.8,light rain
38,Port-Gentil,GA,2022-02-05 00:51:24,-0.7193,8.7815,79.52,80,46,8.57,scattered clouds
39,Kavieng,PG,2022-02-05 00:42:30,-2.5744,150.7967,83.61,69,100,4.99,overcast clouds
40,Atuona,PF,2022-02-05 00:51:24,-9.8,-139.0333,78.39,77,30,15.57,scattered clouds
41,Tsiroanomandidy,MG,2022-02-05 00:51:25,-18.7667,46.0333,66.96,97,55,4.88,broken clouds
42,Guerrero Negro,MX,2022-02-05 00:50:06,27.9769,-114.0611,63.14,27,0,7.2,clear sky
43,Tura,IN,2022-02-05 00:51:25,25.5198,90.2201,52.02,97,28,1.7,scattered clouds
44,Tasiilaq,GL,2022-02-05 00:48:40,65.6145,-37.6368,24.96,73,100,40.26,overcast clouds
45,Upernavik,GL,2022-02-05 00:51:26,72.7868,-56.1549,1.2,96,100,6.15,overcast clouds
46,Zhigansk,RU,2022-02-05 00:51:27,66.7697,123.3711,-30.44,99,99,5.14,overcast clouds
47,Kariba,ZW,2022-02-05 00:52:27,-16.5167,28.8,69.96,91,100,3.31,light rain
48,Santana Do Livramento,BR,2022-02-05 00:49:57,-30.8908,-55.5328,77.86,59,56,4.03,broken clouds
49,Manggar,ID,2022-02-05 00:52:28,-2.8833,108.2667,80.65,79,100,3.98,overcast clouds
50,Beringovskiy,RU,2022-02-05 00:52:28,63.05,179.3167,-7.01,85,42,12.08,scattered clouds
51,Lokoja,NG,2022-02-05 00:52:29,7.8024,6.743,75.58,17,0,1.28,clear sky
52,Tambura,SS,2022-02-05 00:52:29,5.6,27.4667,72.57,23,100,5.77,overcast clouds
53,Saint-Augustin,CA,2022-02-05 00:52:29,51.226,-58.6502,-7.73,84,100,9.78,overcast clouds
54,Pevek,RU,2022-02-05 00:52:30,69.7008,170.3133,-23.44,100,100,5.28,overcast clouds
55,Bethel,US,2022-02-05 00:52:30,41.3712,-73.414,32.47,85,100,5.75,overcast clouds
56,Geraldton,AU,2022-02-05 00:47:46,-28.7667,114.6,99.12,11,0,17.27,clear sky
57,Muros,ES,2022-02-05 00:52:31,42.7762,-9.0603,52.23,86,100,15.05,overcast clouds
58,Cuamba,MZ,2022-02-05 00:52:32,-14.8031,36.5372,68.92,95,100,3.36,overcast clouds
59,Sharan,RU,2022-02-05 00:52:32,54.8167,54.0,25.95,88,100,9.51,light snow
60,Katsuura,JP,2022-02-05 00:52:33,35.1333,140.3,48.18,44,95,12.33,overcast clouds
61,Ponta Do Sol,PT,2022-02-05 00:52:33,32.6667,-17.1,66.7,64,97,3.71,overcast clouds
62,Ribeira Grande,PT,2022-02-05 00:52:33,38.5167,-28.7,59.18,81,28,15.19,scattered clouds
63,Mumford,GH,2022-02-05 00:52:34,5.2618,-0.759,79.47,82,24,3.6,light rain
64,Saint George,US,2022-02-05 00:52:34,37.1041,-113.5841,52.27,20,0,3.44,clear sky
65,Chokurdakh,RU,2022-02-05 00:50:28,70.6333,147.9167,-30.78,100,16,1.72,few clouds
66,Linxia,CN,2022-02-05 00:52:35,35.6003,103.2064,18.14,92,100,1.41,light snow
67,Sao Filipe,CV,2022-02-05 00:52:35,14.8961,-24.4956,73.13,73,0,6.13,clear sky
68,Port Lincoln,AU,2022-02-05 00:52:36,-34.7333,135.8667,70.88,66,6,12.66,clear sky
69,Talara,PE,2022-02-05 00:52:36,-4.5772,-81.2719,71.71,85,15,13.89,few clouds
70,Lebu,CL,2022-02-05 00:52:36,-37.6167,-73.65,57.79,87,51,16.91,broken clouds
71,Florida,US,2022-02-05 00:52:37,28.7505,-82.5001,75.22,89,0,5.75,clear sky
72,Necochea,AR,2022-02-05 00:52:37,-38.5473,-58.7368,59.04,82,100,16.15,moderate rain
73,Banda Aceh,ID,2022-02-05 00:52:38,5.5577,95.3222,78.89,80,86,8.77,overcast clouds
74,Severo-Kurilsk,RU,2022-02-05 00:52:38,50.6789,156.125,31.17,88,90,8.39,light snow
75,Raton,US,2022-02-05 00:52:38,36.9034,-104.4391,30.54,43,0,4.61,clear sky
76,Hasaki,JP,2022-02-05 00:52:39,35.7333,140.8333,41.4,39,2,22.37,clear sky
77,Pacific Grove,US,2022-02-05 00:49:27,36.6177,-121.9166,66.4,54,0,1.99,clear sky
78,Kushima,JP,2022-02-05 00:52:39,31.4583,131.2333,42.84,57,19,12.55,few clouds
79,Anloga,GH,2022-02-05 00:52:40,5.7947,0.8973,82.62,82,1,7.25,clear sky
80,Vaini,TO,2022-02-05 00:52:40,-21.2,-175.2,77.16,100,100,11.5,light rain
81,Sitka,US,2022-02-05 00:50:22,57.0531,-135.33,42.69,87,100,3.44,moderate rain
82,Mar Del Plata,AR,2022-02-05 00:50:46,-38.0023,-57.5575,69.1,83,100,4.0,overcast clouds
83,Lokosovo,RU,2022-02-05 00:52:41,61.1333,74.8167,11.1,97,100,5.59,overcast clouds
84,Feijo,BR,2022-02-05 00:52:41,-8.1642,-70.3536,72.3,99,99,2.28,overcast clouds
85,Kalmar,SE,2022-02-05 00:52:42,56.6616,16.3616,35.53,94,20,5.75,few clouds
86,Chimoio,MZ,2022-02-05 00:52:42,-19.1164,33.4833,66.27,97,100,2.13,overcast clouds
87,Xacmaz,AZ,2022-02-05 00:52:43,41.4635,48.806,41.65,88,99,14.43,overcast clouds
88,Carnarvon,AU,2022-02-05 00:52:43,-24.8667,113.6333,91.47,19,13,12.66,few clouds
89,Okha,RU,2022-02-05 00:52:44,53.5739,142.9478,2.37,92,100,21.05,overcast clouds
90,Buala,SB,2022-02-05 00:52:44,-8.145,159.5921,83.39,80,100,8.61,light rain
91,Codrington,AU,2022-02-05 00:52:45,-38.2667,141.9667,70.63,52,94,13.24,overcast clouds
92,Yulara,AU,2022-02-05 00:52:45,-25.2406,130.9889,76.84,33,0,12.66,clear sky
93,Te Anau,NZ,2022-02-05 00:50:08,-45.4167,167.7167,61.32,42,6,4.79,clear sky
94,Tumaco,CO,2022-02-05 00:53:46,1.7986,-78.8156,75.0,91,97,3.02,light rain
95,Kelvington,CA,2022-02-05 00:53:46,52.1667,-103.5343,-4.34,98,100,14.23,light snow
96,Mount Isa,AU,2022-02-05 00:53:46,-20.7333,139.5,85.77,26,6,9.22,clear sky
97,Cherskiy,RU,2022-02-05 00:53:47,68.75,161.3,-30.91,97,11,4.72,few clouds
98,Ketchikan,US,2022-02-05 00:53:47,55.3422,-131.6461,42.78,98,100,3.71,light rain
99,Bredasdorp,ZA,2022-02-05 00:50:22,-34.5322,20.0403,67.32,64,92,12.66,overcast clouds
100,Narsaq,GL,2022-02-05 00:53:48,60.9167,-46.05,-1.16,55,0,14.99,clear sky
101,Taoudenni,ML,2022-02-05 00:53:44,22.6783,-3.9836,65.43,14,24,9.46,few clouds
102,Fortuna,US,2022-02-05 00:53:49,40.5982,-124.1573,55.47,86,0,3.0,clear sky
103,Teplyk,UA,2022-02-05 00:53:49,48.6657,29.745,27.18,81,92,6.11,overcast clouds
104,Yarada,IN,2022-02-05 00:53:49,17.65,83.2667,71.92,100,40,2.3,mist
105,Tocopilla,CL,2022-02-05 00:53:50,-22.092,-70.1979,71.02,70,3,11.77,clear sky
106,Kavaratti,IN,2022-02-05 00:53:50,10.5669,72.642,77.65,59,100,4.56,overcast clouds
107,Rumphi,MW,2022-02-05 00:53:51,-11.0186,33.8575,62.55,90,100,2.04,overcast clouds
108,Alofi,NU,2022-02-05 00:53:51,-19.0595,-169.9187,82.29,83,100,10.36,overcast clouds
109,Olafsvik,IS,2022-02-05 00:53:52,64.8945,-23.7142,27.32,68,100,24.38,overcast clouds
110,San Quintin,MX,2022-02-05 00:53:52,30.4833,-115.95,59.36,48,4,6.67,clear sky
111,Luganville,VU,2022-02-05 00:53:53,-15.5333,167.1667,81.39,81,100,3.89,overcast clouds
112,Beyneu,KZ,2022-02-05 00:53:53,45.3167,55.2,37.29,89,97,7.76,overcast clouds
113,Masaka,UG,2022-02-05 00:53:53,-0.3338,31.7341,65.08,76,100,3.38,overcast clouds
114,Camacha,PT,2022-02-05 00:53:54,33.0833,-16.3333,60.22,88,20,2.3,few clouds
115,Saldanha,ZA,2022-02-05 00:52:38,-33.0117,17.9442,59.05,74,0,12.75,clear sky
116,Dikson,RU,2022-02-05 00:51:38,73.5069,80.5464,-1.43,94,100,6.53,overcast clouds
117,Nalut,LY,2022-02-05 00:53:55,30.3333,10.85,49.5,37,5,8.34,clear sky
118,Gimli,CA,2022-02-05 00:53:55,50.6336,-96.9907,-11.56,76,100,3.44,overcast clouds
119,Juruti,BR,2022-02-05 00:53:56,-2.1522,-56.0922,74.5,91,96,0.69,overcast clouds
120,Uyemskiy,RU,2022-02-05 00:53:56,64.4743,40.8524,-9.35,84,20,4.47,few clouds
121,Nova Olimpia,BR,2022-02-05 00:53:56,-14.7972,-57.2881,74.48,88,100,3.53,overcast clouds
122,Dingle,PH,2022-02-05 00:53:57,10.9995,122.6711,76.64,84,98,13.29,overcast clouds
123,Kirakira,SB,2022-02-05 00:53:57,-10.4544,161.9205,84.09,76,100,6.35,overcast clouds
124,Luzhou,CN,2022-02-05 00:53:58,28.8724,105.4405,48.11,76,100,2.42,overcast clouds
125,Port Alfred,ZA,2022-02-05 00:53:58,-33.5906,26.891,68.74,81,98,7.18,light rain
126,Hithadhoo,MV,2022-02-05 00:53:59,-0.6,73.0833,81.61,73,99,10.51,overcast clouds
127,Oxapampa,PE,2022-02-05 00:53:59,-10.5775,-75.4017,59.77,99,91,1.07,overcast clouds
128,Wollongong,AU,2022-02-05 00:53:59,-34.4333,150.8833,73.8,69,93,15.84,overcast clouds
129,Haines Junction,CA,2022-02-05 00:54:00,60.7522,-137.5108,-0.45,78,100,0.0,overcast clouds
130,Souillac,MU,2022-02-05 00:54:00,-20.5167,57.5167,79.36,86,99,17.0,light rain
131,Vao,NC,2022-02-05 00:54:01,-22.6667,167.4833,80.24,87,100,14.76,light rain
132,Faya,SA,2022-02-05 00:54:01,18.3851,42.4509,55.51,89,17,6.13,few clouds
133,Ostersund,SE,2022-02-05 00:52:28,63.1792,14.6357,27.05,74,4,11.5,clear sky
134,Pinega,RU,2022-02-05 00:54:02,64.7001,43.3936,-7.04,100,100,4.61,overcast clouds
135,Whitianga,NZ,2022-02-05 00:50:30,-36.8333,175.7,78.03,74,15,10.78,few clouds
136,Hermanus,ZA,2022-02-05 00:54:02,-34.4187,19.2345,62.91,69,2,18.19,clear sky
137,Lompoc,US,2022-02-05 00:54:03,34.6391,-120.4579,64.71,49,0,10.36,clear sky
138,Hobart,AU,2022-02-05 00:51:47,-42.8794,147.3294,67.12,78,75,6.91,broken clouds
139,Tuatapere,NZ,2022-02-05 00:54:03,-46.1333,167.6833,55.81,53,37,6.38,scattered clouds
140,Ndele,CF,2022-02-05 00:54:04,8.4109,20.6473,71.01,23,4,5.1,clear sky
141,Laguna,US,2022-02-05 00:54:04,38.421,-121.4238,65.23,34,20,2.55,few clouds
142,Longyearbyen,SJ,2022-02-05 00:54:14,78.2186,15.6401,15.64,57,40,25.32,scattered clouds
143,Nizhniy Tsasuchey,RU,2022-02-05 00:55:05,50.5167,115.1333,4.03,77,43,13.11,scattered clouds
144,Bien Hoa,VN,2022-02-05 00:55:05,10.95,106.8167,76.98,67,89,4.32,overcast clouds
145,Kushalgarh,IN,2022-02-05 00:55:06,23.199,74.4507,57.54,26,0,3.4,clear sky
146,Nikolskoye,RU,2022-02-05 00:55:06,59.7035,30.7861,19.29,89,99,12.03,overcast clouds
147,Kruisfontein,ZA,2022-02-05 00:55:06,-34.0033,24.7314,64.89,78,28,4.59,scattered clouds
148,Linkuva,LT,2022-02-05 00:55:07,56.0856,23.9725,34.47,98,100,16.71,overcast clouds
149,Tuktoyaktuk,CA,2022-02-05 00:51:16,69.4541,-133.0374,-23.8,76,0,12.66,clear sky
150,Beira,MZ,2022-02-05 00:55:08,-19.8436,34.8389,80.69,83,20,1.99,few clouds
151,Juba,SS,2022-02-05 00:55:08,4.8517,31.5825,77.9,26,100,3.06,overcast clouds
152,Sambava,MG,2022-02-05 00:55:09,-14.2667,50.1667,75.9,83,100,3.98,overcast clouds
153,Olot,ES,2022-02-05 00:55:09,42.181,2.4901,51.35,78,96,2.15,overcast clouds
154,Tabuk,PH,2022-02-05 00:55:09,17.4189,121.4443,72.48,85,90,6.8,overcast clouds
155,Ilulissat,GL,2022-02-05 00:55:10,69.2167,-51.1,2.03,89,100,10.0,overcast clouds
156,Beloha,MG,2022-02-05 00:55:10,-25.1667,45.05,74.37,87,42,15.48,scattered clouds
157,Bambanglipuro,ID,2022-02-05 00:55:11,-7.95,110.2833,81.32,76,89,5.64,overcast clouds
158,Georgetown,MY,2022-02-05 00:53:20,5.4112,100.3354,79.9,93,20,0.0,few clouds
159,Whitley Bay,GB,2022-02-05 00:52:25,55.0397,-1.4471,38.8,85,0,16.11,clear sky
160,Rosarito,MX,2022-02-05 00:55:12,32.3333,-117.0333,68.49,24,4,15.35,clear sky
161,Le Port,RE,2022-02-05 00:55:12,-20.9373,55.2919,80.56,84,100,22.21,light rain
162,Kapaa,US,2022-02-05 00:55:13,22.0752,-159.319,79.12,59,23,1.01,few clouds
163,San Patricio,US,2022-02-05 00:55:13,28.017,-97.5169,45.28,63,6,15.97,clear sky
164,Marystown,CA,2022-02-05 00:55:14,47.1666,-55.1483,36.86,100,100,5.99,overcast clouds
165,Mercedes,AR,2022-02-05 00:55:14,-34.6515,-59.4307,73.02,92,100,5.82,overcast clouds
166,Karangampel,ID,2022-02-05 00:55:14,-6.4622,108.4519,78.31,87,94,10.33,overcast clouds
167,Yar-Sale,RU,2022-02-05 00:55:15,66.8333,70.8333,5.09,97,100,5.88,overcast clouds
168,Rio Gallegos,AR,2022-02-05 00:55:15,-51.6226,-69.2181,53.65,58,0,16.11,clear sky
169,Merauke,ID,2022-02-05 00:55:16,-8.4667,140.3333,84.99,72,53,15.37,broken clouds
170,Chernoyerkovskaya,RU,2022-02-05 00:55:16,45.4331,37.7686,30.7,80,100,15.01,overcast clouds
171,Los Llanos De Aridane,ES,2022-02-05 00:55:17,28.6585,-17.9182,58.75,80,0,8.99,clear sky
172,Hagi,JP,2022-02-05 00:55:17,34.4,131.4167,38.86,52,96,19.53,overcast clouds
173,Balkhash,KZ,2022-02-05 00:55:18,46.844,74.9804,7.79,79,1,12.21,clear sky
174,Norman Wells,CA,2022-02-05 00:55:18,65.282,-126.8329,-11.16,64,75,19.57,broken clouds
175,Manitowoc,US,2022-02-05 00:55:19,44.0667,-87.8001,13.41,88,100,1.99,overcast clouds
176,Slave Lake,CA,2022-02-05 00:55:19,55.2834,-114.769,3.18,78,100,4.61,overcast clouds
177,Playas,EC,2022-02-05 00:55:19,-2.6333,-80.3833,75.81,81,53,9.73,broken clouds
178,Port Elizabeth,ZA,2022-02-05 00:54:18,-33.918,25.5701,67.1,82,40,6.91,scattered clouds
179,Isangel,VU,2022-02-05 00:55:20,-19.55,169.2667,78.91,94,100,2.3,moderate rain
180,La Union,PE,2022-02-05 00:55:20,-5.4,-80.75,74.41,67,37,16.73,scattered clouds
181,Ossora,RU,2022-02-05 00:55:21,59.2353,163.0719,10.98,73,100,5.91,overcast clouds
182,Victoria,HK,2022-02-05 00:52:57,22.2855,114.1577,59.25,78,100,4.0,overcast clouds
183,Azare,NG,2022-02-05 00:55:21,11.6765,10.1948,59.81,20,3,8.61,clear sky
184,Coruripe,BR,2022-02-05 00:55:22,-10.1256,-36.1756,78.91,75,9,10.31,clear sky
185,Esperance,AU,2022-02-05 00:55:22,-33.8667,121.9,75.04,51,4,11.43,clear sky
186,Castelo Branco,PT,2022-02-05 00:55:23,39.8222,-7.4909,43.79,91,100,3.11,overcast clouds
187,Xuddur,SO,2022-02-05 00:55:23,4.1213,43.8894,67.78,79,32,13.35,scattered clouds
188,Amga,RU,2022-02-05 00:55:24,60.8953,131.9608,-20.47,96,100,2.24,overcast clouds
189,Saint-Philippe,RE,2022-02-05 00:55:17,-21.3585,55.7679,80.15,88,100,25.61,moderate rain
190,Talnakh,RU,2022-02-05 00:56:24,69.4865,88.3972,-6.57,97,89,5.46,overcast clouds
191,Torbay,CA,2022-02-05 00:56:25,47.6666,-52.7314,32.76,96,100,9.22,mist
192,Tamandare,BR,2022-02-05 00:53:13,-8.7597,-35.1047,78.39,77,1,7.47,clear sky
193,New Norfolk,AU,2022-02-05 00:56:25,-42.7826,147.0587,66.76,56,94,1.01,overcast clouds
194,Luderitz,NA,2022-02-05 00:56:26,-26.6481,15.1594,67.53,74,80,3.8,broken clouds
195,Urengoy,RU,2022-02-05 00:56:26,65.9667,78.3667,12.52,96,100,7.11,light snow
196,Barrow,US,2022-02-05 00:51:43,71.2906,-156.7887,-20.18,69,100,9.22,overcast clouds
197,Liverpool,GB,2022-02-05 00:56:27,53.4106,-2.9779,42.82,82,75,7.0,broken clouds
198,Qaanaaq,GL,2022-02-05 00:56:27,77.484,-69.3632,0.68,70,100,6.96,overcast clouds
199,Matagami,CA,2022-02-05 00:56:27,49.7502,-77.6328,-7.49,64,100,3.44,overcast clouds
200,Ko Samui,TH,2022-02-05 00:56:28,9.5357,99.9357,78.71,89,40,9.22,scattered clouds
201,Lagoa,PT,2022-02-05 00:56:28,39.05,-27.9833,57.96,82,93,21.74,overcast clouds
202,Plettenberg Bay,ZA,2022-02-05 00:56:29,-34.0527,23.3716,62.44,78,0,6.2,clear sky
203,Castro,BR,2022-02-05 00:56:29,-24.7911,-50.0119,65.46,98,80,3.44,broken clouds
204,Porto Santo,PT,2022-02-05 00:56:30,33.072,-16.3415,62.98,88,20,2.3,few clouds
205,Banjarmasin,ID,2022-02-05 00:56:30,-3.3244,114.591,78.94,80,100,0.83,overcast clouds
206,Mlowo,TZ,2022-02-05 00:56:31,-9.0,32.9833,57.61,99,100,1.07,light rain
207,Cabo San Lucas,MX,2022-02-05 00:56:31,22.8909,-109.9124,70.52,63,0,5.28,clear sky
208,Sorong,ID,2022-02-05 00:56:32,-0.8833,131.25,84.13,73,100,15.08,overcast clouds
209,Aloleng,PH,2022-02-05 00:56:33,16.1307,119.7824,79.95,67,76,9.01,broken clouds
210,Rawlins,US,2022-02-05 00:56:33,41.7911,-107.2387,32.22,62,7,21.36,clear sky
211,San Vicente,AR,2022-02-05 00:56:34,-26.6167,-54.1333,68.43,94,11,1.7,moderate rain
212,Yoichi,JP,2022-02-05 00:56:34,43.2039,140.7703,6.84,69,92,10.0,light snow
213,Verkhnetulomskiy,RU,2022-02-05 00:56:35,68.6073,31.7962,12.33,91,100,12.75,light snow
214,Thompson,CA,2022-02-05 00:53:40,55.7435,-97.8558,-18.24,69,20,5.75,few clouds
215,Sumenep,ID,2022-02-05 00:56:35,-7.0167,113.8667,82.17,78,95,7.65,overcast clouds
216,Kodiak,US,2022-02-05 00:55:30,57.79,-152.4072,38.71,81,100,3.44,overcast clouds
217,Chara,RU,2022-02-05 00:56:36,56.9064,118.2631,-14.91,86,91,1.21,overcast clouds
218,Saint-Francois,FR,2022-02-05 00:56:36,46.4154,3.9054,42.67,93,100,8.05,overcast clouds
219,Dunedin,NZ,2022-02-05 00:56:37,-45.8742,170.5036,58.8,51,100,4.0,overcast clouds
220,Labuhan,ID,2022-02-05 00:56:37,-6.8844,112.2051,81.86,77,55,8.52,broken clouds
221,Nizhnevartovsk,RU,2022-02-05 00:52:19,60.9344,76.5531,24.82,93,100,6.71,overcast clouds
222,Celestun,MX,2022-02-05 00:56:38,20.8667,-90.4,74.79,88,2,13.87,clear sky
223,Luanda,AO,2022-02-05 00:56:39,-8.8368,13.2343,75.2,88,20,6.91,few clouds
224,Husavik,IS,2022-02-05 00:56:39,66.0449,-17.3389,19.31,94,100,4.47,light snow
225,Berezovyy,RU,2022-02-05 00:56:39,51.6667,135.7,8.69,91,99,0.51,overcast clouds
226,Abeche,TD,2022-02-05 00:56:40,13.8292,20.8324,62.82,19,0,14.09,clear sky
227,Bahia De Caraquez,EC,2022-02-05 00:56:40,-0.6,-80.4167,78.98,83,18,6.24,few clouds
228,Aquiraz,BR,2022-02-05 00:56:41,-3.9014,-38.3911,82.49,81,75,8.86,broken clouds
229,Vodskov,DK,2022-02-05 00:56:41,57.1085,10.0222,37.85,85,40,5.99,scattered clouds
230,Mago,RU,2022-02-05 00:56:42,53.2514,140.1822,3.79,87,100,7.65,overcast clouds
231,Tobermory,CA,2022-02-05 00:56:42,45.2501,-81.6665,10.27,74,100,10.04,overcast clouds
232,Iskateley,RU,2022-02-05 00:56:42,67.6803,53.1512,-13.43,100,100,6.55,overcast clouds
233,Paka,MY,2022-02-05 00:56:43,4.6374,103.4368,80.53,83,20,9.22,few clouds
234,Hamilton,US,2022-02-05 00:52:10,39.1834,-84.5333,24.24,68,100,6.91,overcast clouds
235,Naze,JP,2022-02-05 00:55:27,28.3667,129.4833,56.32,62,97,15.55,overcast clouds
236,Coihaique,CL,2022-02-05 00:57:44,-45.5752,-72.0662,66.81,48,0,4.61,clear sky
237,Kaoma,ZM,2022-02-05 00:57:44,-14.7833,24.8,62.98,98,99,3.38,overcast clouds
238,Lensk,RU,2022-02-05 00:57:44,60.7253,114.9278,0.54,96,98,6.6,overcast clouds
239,Namibe,AO,2022-02-05 00:57:45,-15.1961,12.1522,71.11,71,14,6.62,few clouds
240,Broken Hill,AU,2022-02-05 00:57:46,-31.95,141.4333,74.91,38,72,18.41,broken clouds
241,Medea,DZ,2022-02-05 00:57:46,36.2642,2.7539,34.25,40,100,3.67,overcast clouds
242,Isla Vista,US,2022-02-05 00:57:46,34.4133,-119.861,67.35,35,0,6.35,clear sky
243,Falam,MM,2022-02-05 00:57:47,22.9167,93.6833,46.06,74,94,4.5,overcast clouds
244,Khani,GE,2022-02-05 00:57:48,41.9563,42.9566,24.37,99,100,3.47,snow
245,Sawtell,AU,2022-02-05 00:57:48,-30.3833,153.1,73.72,82,75,18.41,broken clouds
246,Prince Rupert,CA,2022-02-05 00:57:48,54.3161,-130.3201,42.89,93,100,20.71,mist
247,Sinnar,SD,2022-02-05 00:57:49,13.5691,33.5672,66.76,15,98,15.61,overcast clouds
248,Cowansville,CA,2022-02-05 00:57:49,45.2001,-72.7491,12.27,85,100,4.61,snow
249,Aksu,CN,2022-02-05 00:57:50,41.1231,80.2644,25.9,71,97,5.86,overcast clouds
250,Mahajanga,MG,2022-02-05 00:57:50,-15.7167,46.3167,78.82,89,40,4.61,scattered clouds
251,Gunnedah,AU,2022-02-05 00:57:51,-30.9833,150.25,71.22,36,0,16.69,clear sky
252,Niquero,CU,2022-02-05 00:57:51,20.0431,-77.5828,75.92,77,15,7.83,few clouds
253,Kyabram,AU,2022-02-05 00:57:51,-36.3167,145.05,74.88,34,3,5.14,clear sky
254,Bengkulu,ID,2022-02-05 00:57:52,-3.8004,102.2655,73.81,91,100,2.91,overcast clouds
255,Puri,IN,2022-02-05 00:57:52,19.8,85.85,61.32,54,4,10.87,clear sky
256,Bilma,NE,2022-02-05 00:57:53,18.6853,12.9164,56.53,23,1,4.97,clear sky
257,Saskylakh,RU,2022-02-05 00:57:53,71.9167,114.0833,-8.48,99,99,5.23,overcast clouds
258,San Carlos,VE,2022-02-05 00:54:11,9.6612,-68.5827,76.66,63,9,5.01,clear sky
259,Opuwo,NA,2022-02-05 00:57:54,-18.0607,13.84,68.81,50,100,3.56,overcast clouds
260,Cordoba,AR,2022-02-05 00:55:45,-31.4135,-64.1811,71.76,60,20,6.91,few clouds
261,Uzventis,LT,2022-02-05 00:57:54,55.7803,22.6547,33.87,98,100,14.03,light snow
262,Sorland,NO,2022-02-05 00:57:55,67.667,12.6934,31.48,71,100,27.58,overcast clouds
263,Ixtapa,MX,2022-02-05 00:57:55,20.7,-105.2,73.22,81,10,5.99,clear sky
264,Margate,GB,2022-02-05 00:57:56,51.3813,1.3862,40.95,80,0,3.0,clear sky
265,Morondava,MG,2022-02-05 00:57:56,-20.2833,44.2833,79.68,72,100,7.05,overcast clouds
266,Klaksvik,FO,2022-02-05 00:57:56,62.2266,-6.589,36.52,53,94,28.16,overcast clouds
267,Ostrov,RU,2022-02-05 00:57:57,57.3439,28.3537,17.33,89,100,13.96,overcast clouds
268,Rovinj,HR,2022-02-05 00:57:57,45.08,13.64,49.19,92,99,1.7,overcast clouds
269,Staraya Mayna,RU,2022-02-05 00:57:58,54.6,48.95,26.71,96,100,5.73,overcast clouds
270,Chiredzi,ZW,2022-02-05 00:57:58,-21.05,31.6667,69.96,94,60,12.03,light rain
271,Bathsheba,BB,2022-02-05 00:57:59,13.2167,-59.5167,77.61,69,20,10.36,few clouds
272,Doha,QA,2022-02-05 00:54:04,25.2867,51.5333,66.09,82,0,5.75,clear sky
273,Hobyo,SO,2022-02-05 00:57:59,5.3505,48.5268,74.93,71,25,15.12,scattered clouds
274,Sinnamary,GF,2022-02-05 00:58:00,5.3833,-52.95,76.46,88,93,8.48,overcast clouds
275,Nandyal,IN,2022-02-05 00:58:00,15.4833,78.4833,65.68,35,5,3.49,clear sky
276,Medicine Hat,CA,2022-02-05 00:53:23,50.0501,-110.6683,41.43,67,75,8.01,broken clouds
277,La Sarre,CA,2022-02-05 00:58:01,48.8002,-79.1996,-8.7,96,100,3.09,overcast clouds
278,Songea,TZ,2022-02-05 00:58:01,-10.6833,35.65,63.41,93,100,2.46,overcast clouds
279,Portland,US,2022-02-05 00:55:53,45.5234,-122.6762,50.77,86,100,1.99,overcast clouds
280,Zorritos,PE,2022-02-05 00:58:02,-3.6805,-80.6782,79.09,75,44,8.84,scattered clouds
281,Clyde River,CA,2022-02-05 00:59:02,70.4692,-68.5914,-9.17,84,100,9.22,light snow
282,Nisia Floresta,BR,2022-02-05 00:59:03,-6.0911,-35.2086,81.41,78,5,6.96,clear sky
283,Dutse,NG,2022-02-05 00:59:03,11.7594,9.3392,58.98,23,0,8.08,clear sky
284,Wanxian,CN,2022-02-05 00:59:04,30.8039,108.3897,47.64,69,99,4.27,overcast clouds
285,Lodja,CD,2022-02-05 00:59:04,-3.4833,23.4333,67.77,93,100,2.21,overcast clouds
286,Hirara,JP,2022-02-05 00:59:04,24.8,125.2833,62.46,67,75,19.57,broken clouds
287,North Platte,US,2022-02-05 00:58:36,41.1239,-100.7654,35.11,42,0,5.99,clear sky
288,Pangnirtung,CA,2022-02-05 00:59:05,66.1451,-65.7125,-24.34,99,100,1.68,overcast clouds
289,Sovetskiy,RU,2022-02-05 00:59:05,61.3614,63.5842,5.4,96,100,0.54,overcast clouds
290,Chuy,UY,2022-02-05 00:59:06,-33.6971,-53.4616,69.39,94,0,5.26,clear sky
291,La Paz,BO,2022-02-05 00:59:06,-16.5,-68.15,48.18,87,75,10.36,broken clouds
292,Valparaiso,CL,2022-02-05 00:59:07,-33.0393,-71.6273,62.24,88,0,5.75,clear sky
293,Saint Anthony,US,2022-02-05 00:59:07,45.0205,-93.218,6.64,68,0,1.01,clear sky
294,Tutoia,BR,2022-02-05 00:59:08,-2.7619,-42.2744,80.58,88,100,10.16,overcast clouds
295,Devils Lake,US,2022-02-05 00:59:08,48.1128,-98.8651,-7.06,79,97,5.01,overcast clouds
296,Ternate,ID,2022-02-05 00:59:08,0.8,127.4,82.99,74,100,6.13,overcast clouds
297,Kamina,CD,2022-02-05 00:59:09,-8.7386,24.9906,59.25,96,100,1.59,overcast clouds
298,Namatanai,PG,2022-02-05 00:59:09,-3.6667,152.4333,85.21,67,81,9.64,broken clouds
299,Kathu,TH,2022-02-05 00:59:10,7.9178,98.3332,85.69,77,70,19.37,broken clouds
300,Bitung,ID,2022-02-05 00:59:10,1.4451,125.1824,85.05,75,100,7.99,overcast clouds
301,Pimentel,PE,2022-02-05 00:59:10,-6.8367,-79.9342,70.72,81,37,12.88,scattered clouds
302,Mizdah,LY,2022-02-05 00:59:11,31.4451,12.9801,49.86,32,13,7.54,few clouds
303,Yumen,CN,2022-02-05 00:59:11,40.2833,97.2,14.56,38,100,13.02,overcast clouds
304,Saint-Alexandre,FR,2022-02-05 00:59:12,44.2278,4.6214,50.99,70,77,7.29,broken clouds
305,Mount Gambier,AU,2022-02-05 00:59:12,-37.8333,140.7667,71.51,49,40,14.97,scattered clouds
306,Morros,BR,2022-02-05 00:59:12,-9.4467,-46.3003,76.8,57,100,1.21,overcast clouds
307,Yiyang,CN,2022-02-05 00:57:43,28.5892,112.3283,40.32,75,7,3.33,clear sky
308,Praia Da Vitoria,PT,2022-02-05 00:54:25,38.7333,-27.0667,57.76,94,75,11.74,broken clouds
309,Comodoro Rivadavia,AR,2022-02-05 00:59:14,-45.8667,-67.5,57.06,67,0,6.91,clear sky
310,Taunggyi,MM,2022-02-05 00:59:14,20.7833,97.0333,52.48,63,0,4.85,clear sky
311,Bar Harbor,US,2022-02-05 00:59:15,44.3876,-68.2039,20.1,84,100,8.01,overcast clouds
312,Hambantota,LK,2022-02-05 00:59:15,6.1241,81.1185,73.74,100,20,3.44,few clouds
313,Zenzeli,RU,2022-02-05 00:59:15,45.9241,47.0474,34.86,80,100,16.06,snow
314,Jalu,LY,2022-02-05 00:59:16,29.0331,21.5482,50.32,72,0,7.99,clear sky
315,Constitucion,CL,2022-02-05 00:59:16,-35.3333,-72.4167,59.29,87,0,14.23,clear sky
316,Ekhabi,RU,2022-02-05 00:59:17,53.5102,142.9671,1.99,93,100,21.56,overcast clouds
317,Smithers,CA,2022-02-05 00:57:58,54.7804,-127.1743,37.72,93,100,2.3,light rain
318,Evensk,RU,2022-02-05 00:59:17,61.95,159.2333,14.7,52,0,15.01,clear sky
319,Quatre Cocos,MU,2022-02-05 00:59:18,-20.2078,57.7625,79.09,86,96,17.2,light rain
320,Petropavlovsk-Kamchatskiy,RU,2022-02-05 00:59:18,53.0452,158.6483,28.99,51,75,15.66,broken clouds
321,Kabwe,ZM,2022-02-05 00:59:19,-14.4469,28.4464,63.14,98,100,3.58,light rain
322,Paamiut,GL,2022-02-05 00:59:19,61.994,-49.6678,6.89,89,100,8.46,light snow
323,Zhoucheng,CN,2022-02-05 00:59:20,35.9122,116.3117,33.03,24,69,3.42,broken clouds
324,Kununurra,AU,2022-02-05 00:56:14,-15.7667,128.7333,82.38,89,75,6.91,broken clouds
325,Zuwarah,LY,2022-02-05 00:59:20,32.9312,12.082,56.75,47,60,14.43,broken clouds
326,Junagarh,IN,2022-02-05 00:59:21,19.8667,82.9333,54.73,46,97,2.19,overcast clouds
327,Karratha,AU,2022-02-05 01:01:50,-20.7377,116.8463,91.54,53,17,14.34,few clouds
328,Zeya,RU,2022-02-05 01:02:44,53.75,127.2667,-0.18,69,99,3.67,overcast clouds
329,Leningradskiy,RU,2022-02-05 01:02:44,69.3833,178.4167,-15.03,92,75,8.93,broken clouds
330,Fairmont,US,2022-02-05 01:00:17,39.4851,-80.1426,27.25,90,100,4.72,overcast clouds
331,Santa Cruz,BO,2022-02-05 01:00:10,-17.8,-63.1667,75.51,83,41,11.43,scattered clouds
332,Muyezerskiy,RU,2022-02-05 01:02:45,63.9333,31.65,15.58,80,100,16.62,light snow
333,Gat,IL,2022-02-05 01:02:45,31.61,34.7642,56.08,100,81,11.61,broken clouds
334,Buarcos,PT,2022-02-05 01:02:46,40.166,-8.8768,48.78,84,78,9.93,broken clouds
335,Altamont,US,2022-02-05 01:02:46,42.2068,-121.7372,46.24,42,0,0.0,clear sky
336,Asau,RO,2022-02-05 01:02:47,46.4333,26.4,24.28,75,19,5.86,few clouds
337,Peace River,CA,2022-02-05 01:02:47,56.2501,-117.286,3.51,71,100,11.5,overcast clouds
338,Anadyr,RU,2022-02-05 01:02:47,64.75,177.4833,-3.71,76,0,5.46,clear sky
339,Biak,ID,2022-02-05 01:02:48,-0.9131,122.8766,81.99,68,99,2.13,overcast clouds
340,Loandjili,CG,2022-02-05 01:02:48,-4.7561,11.8578,76.87,81,97,2.91,overcast clouds
341,Mahebourg,MU,2022-02-05 01:02:49,-20.4081,57.7,79.25,94,75,14.97,broken clouds
342,Cabedelo,BR,2022-02-05 01:02:49,-6.9811,-34.8339,79.79,72,7,9.64,clear sky
343,Nesna,NO,2022-02-05 01:02:50,66.1967,13.0213,34.66,85,100,25.57,light snow
344,Dogondoutchi,NE,2022-02-05 01:02:50,13.6393,4.0287,62.64,13,0,11.9,clear sky
345,Mehamn,NO,2022-02-05 01:02:51,71.0357,27.8492,19.96,88,100,31.52,light snow
346,Charleston,US,2022-02-05 01:02:51,32.7766,-79.9309,66.36,97,100,4.0,overcast clouds
347,Alugan,PH,2022-02-05 01:02:52,12.2188,125.4808,80.17,80,100,17.22,overcast clouds
348,Sioux Lookout,CA,2022-02-05 01:02:52,50.1001,-91.917,-17.9,100,50,2.21,scattered clouds
349,Carutapera,BR,2022-02-05 01:02:53,-1.195,-46.02,75.78,94,100,5.28,light rain
350,Takhli,TH,2022-02-05 01:02:53,15.2634,100.3438,79.75,53,96,14.61,light rain
351,Rapid Valley,US,2022-02-05 01:02:53,44.0625,-103.1463,38.8,56,0,3.44,clear sky
352,Omboue,GA,2022-02-05 01:02:54,-1.5746,9.2618,77.07,84,84,5.37,broken clouds
353,Tilichiki,RU,2022-02-05 01:02:54,60.4667,166.1,-3.03,75,100,9.4,overcast clouds
354,Miri,MY,2022-02-05 01:02:55,4.4148,114.0089,78.42,85,100,4.43,overcast clouds
355,Kaili,ID,2022-02-05 01:02:55,-3.4626,120.2147,75.18,75,100,1.72,overcast clouds
356,Gamba,GA,2022-02-05 01:02:56,-2.65,10.0,74.88,87,99,1.14,overcast clouds
357,Barcelos,PT,2022-02-05 01:02:56,41.5388,-8.6151,51.28,90,100,4.5,overcast clouds
358,Saint-Pierre,RE,2022-02-05 01:02:56,-21.3393,55.4781,80.24,83,100,5.75,overcast clouds
359,Tiksi,RU,2022-02-05 01:02:57,71.6872,128.8694,-21.68,98,77,7.18,broken clouds
360,Ambanja,MG,2022-02-05 01:02:57,-13.6833,48.45,73.81,93,100,4.61,light rain
361,Muravlenko,RU,2022-02-05 01:02:58,63.7898,74.523,4.66,97,81,13.71,broken clouds
362,Eureka,US,2022-02-05 01:02:58,40.8021,-124.1637,51.13,84,100,3.0,overcast clouds
363,Kudahuvadhoo,MV,2022-02-05 01:02:59,2.6708,72.8944,81.41,74,5,9.06,clear sky
364,Tukrah,LY,2022-02-05 01:02:59,32.5341,20.5791,52.23,75,0,7.78,clear sky
365,Moose Factory,CA,2022-02-05 01:02:59,51.2585,-80.6094,-8.59,97,100,3.24,overcast clouds
366,Vega De Alatorre,MX,2022-02-05 01:03:00,20.0333,-96.6333,52.79,86,100,17.18,overcast clouds
367,Chumikan,RU,2022-02-05 01:03:00,54.7183,135.315,-1.64,76,100,15.26,overcast clouds
368,Shimoda,JP,2022-02-05 01:03:01,34.6667,138.95,45.1,59,7,28.66,clear sky
369,Ceres,US,2022-02-05 01:03:01,37.5949,-120.9577,64.31,36,0,3.44,clear sky
370,Abnub,EG,2022-02-05 01:03:02,27.2696,31.1511,48.78,58,6,8.68,clear sky
371,Tambulig,PH,2022-02-05 01:03:02,8.0702,123.5348,80.6,78,79,2.44,broken clouds
372,Chapais,CA,2022-02-05 01:03:03,49.7834,-74.8492,-9.45,94,100,3.83,overcast clouds
373,Christchurch,NZ,2022-02-05 01:00:05,-43.5333,172.6333,55.99,82,100,1.01,overcast clouds
374,Zhob,PK,2022-02-05 01:04:03,31.3411,69.4481,41.16,44,0,1.92,clear sky
375,Cacu,BR,2022-02-05 01:04:04,-18.5567,-51.1308,73.29,79,99,3.94,overcast clouds
376,Araouane,ML,2022-02-05 01:04:04,18.9048,-3.5265,62.94,12,0,9.13,clear sky
377,Poum,NC,2022-02-05 01:04:05,-20.2333,164.0167,81.52,77,97,18.57,moderate rain
378,Ciudad Bolivar,VE,2022-02-05 01:04:05,8.1222,-63.5497,85.62,39,58,9.35,broken clouds
379,Padang,ID,2022-02-05 01:04:06,-0.9492,100.3543,77.36,87,97,3.62,moderate rain
380,Brazzaville,CG,2022-02-05 01:04:06,-4.2658,15.2832,72.27,93,97,0.31,overcast clouds
381,Kahului,US,2022-02-05 01:04:07,20.8947,-156.47,83.46,68,40,17.27,scattered clouds
382,Providencia,MX,2022-02-05 01:04:07,28.7167,-111.5833,75.25,26,0,10.42,clear sky
383,Port Arthur,CN,2022-02-05 01:04:08,38.8,121.2667,25.02,41,41,18.07,scattered clouds
384,Harper,LR,2022-02-05 01:04:08,4.375,-7.7169,79.36,82,52,6.98,broken clouds
385,San Jose,US,2022-02-05 01:02:52,37.3394,-121.895,64.81,45,20,1.99,few clouds
386,Woodward,US,2022-02-05 01:04:09,36.4337,-99.3904,27.52,68,0,9.22,clear sky
387,Bajil,YE,2022-02-05 01:04:09,15.0584,43.2851,74.91,77,44,4.92,scattered clouds
388,Pitogo,PH,2022-02-05 01:04:10,13.7847,122.0881,77.74,81,54,15.17,broken clouds
389,Maymyo,MM,2022-02-05 01:04:10,22.0333,96.4667,53.49,52,0,3.47,clear sky
390,Zlotow,PL,2022-02-05 01:04:11,53.3635,17.0408,42.24,95,100,19.86,light rain
391,Tsaratanana,MG,2022-02-05 01:04:11,-16.7833,47.65,72.01,99,100,6.53,light rain
392,San Cristobal,VE,2022-02-05 01:04:11,7.7669,-72.225,71.78,91,59,1.77,broken clouds
393,Tromso,NO,2022-02-05 01:04:12,69.6496,18.957,21.22,68,20,19.57,few clouds
394,Faanui,PF,2022-02-05 01:04:12,-16.4833,-151.75,80.58,75,27,13.71,scattered clouds
395,Ayorou,NE,2022-02-05 01:04:13,14.7308,0.9174,63.01,11,0,10.09,clear sky
396,Ancud,CL,2022-02-05 00:59:28,-41.8697,-73.8203,58.53,87,13,2.68,few clouds
397,Denizli,TR,2022-02-05 01:04:13,37.8402,29.0698,29.25,76,1,2.71,clear sky
398,Lugovoy,KZ,2022-02-05 01:04:14,42.9472,72.7644,27.21,52,0,7.47,clear sky
399,Mormugao,IN,2022-02-05 01:04:14,15.4,73.8,66.92,80,86,5.19,overcast clouds
400,Samarai,PG,2022-02-05 01:04:15,-10.6167,150.6667,85.82,70,95,5.97,overcast clouds
401,Iguape,BR,2022-02-05 01:04:15,-24.7081,-47.5553,77.07,89,100,4.36,heavy intensity rain
402,Svetlogorsk,BY,2022-02-05 01:04:16,52.6333,29.7333,9.73,97,90,7.54,overcast clouds
403,Tetiz,MX,2022-02-05 01:04:16,20.9667,-89.9333,77.09,84,100,6.64,overcast clouds
404,Bahawalnagar,PK,2022-02-05 01:00:18,30.5508,73.3908,44.42,88,0,5.03,clear sky
405,Wahiawa,US,2022-02-05 01:04:17,21.5028,-158.0236,77.86,63,20,6.91,few clouds
406,Yeniseysk,RU,2022-02-05 01:04:18,58.4497,92.1703,22.21,95,100,8.08,light snow
407,Radeberg,DE,2022-02-05 01:04:18,51.1167,13.9167,39.61,81,75,12.66,broken clouds
408,Seoul,KR,2022-02-05 01:04:18,37.5683,126.9778,22.51,40,6,9.57,clear sky
409,Takoradi,GH,2022-02-05 01:04:19,4.8845,-1.7554,79.09,83,23,5.21,few clouds
410,Santa Rosa,PH,2022-02-05 01:04:19,14.3122,121.1114,86.09,70,53,16.69,broken clouds
411,Dongsheng,CN,2022-02-05 01:00:30,39.8161,109.9776,7.56,61,100,6.44,overcast clouds
412,Xiaoweizhai,CN,2022-02-05 01:04:20,26.1903,107.5125,40.1,78,89,2.21,overcast clouds
413,Yeppoon,AU,2022-02-05 01:04:21,-23.1333,150.7333,83.98,62,100,19.46,overcast clouds
414,Kamenka,RU,2022-02-05 01:04:21,51.3223,42.7678,10.6,98,90,7.23,overcast clouds
415,Nanortalik,GL,2022-02-05 01:04:21,60.1432,-45.2371,11.86,66,100,38.52,overcast clouds
416,Buchanan,LR,2022-02-05 01:05:22,5.8808,-10.0467,78.91,84,35,5.08,scattered clouds
417,Abu Dhabi,AE,2022-02-05 01:05:22,24.4667,54.3667,64.96,87,0,5.75,clear sky
418,Ouallam,NE,2022-02-05 01:05:23,14.3188,2.0866,63.18,13,3,11.23,clear sky
419,Kingman,US,2022-02-05 01:05:23,35.1894,-114.053,50.88,16,0,3.0,clear sky
420,Salalah,OM,2022-02-05 01:05:24,17.0151,54.0924,69.89,68,40,0.0,scattered clouds
421,Mbouda,CM,2022-02-05 01:05:24,5.6258,10.2552,63.41,36,61,3.89,broken clouds
422,Bubaque,GW,2022-02-05 01:05:25,11.2833,-15.8333,77.92,68,0,11.32,clear sky
423,Galesong,ID,2022-02-05 01:05:26,-5.3166,119.3661,80.62,74,100,7.47,overcast clouds
424,Kailua,US,2022-02-05 01:05:04,21.4022,-157.7394,81.14,63,5,3.0,clear sky
425,Kieta,PG,2022-02-05 01:05:26,-6.2167,155.6333,86.0,71,100,12.28,light rain
426,Marzuq,YE,2022-02-05 01:05:27,14.4,46.4667,61.79,33,0,5.28,clear sky
427,Tanete,ID,2022-02-05 01:05:27,-3.9443,119.7848,82.65,75,100,2.91,overcast clouds
428,Havoysund,NO,2022-02-05 01:05:27,70.9963,24.6622,16.68,76,100,25.39,overcast clouds
429,Antoniny,UA,2022-02-05 01:05:28,49.8097,26.8771,27.66,95,100,6.76,overcast clouds
430,Port Hardy,CA,2022-02-05 01:05:28,50.6996,-127.4199,44.76,93,100,8.81,light rain
431,San Policarpo,PH,2022-02-05 01:05:29,12.1791,125.5072,80.56,79,100,18.23,overcast clouds
432,Tyrma,RU,2022-02-05 01:05:29,50.0833,132.1667,-7.62,92,100,1.63,overcast clouds
433,Baghdad,IQ,2022-02-05 01:00:55,33.3406,44.4009,51.75,65,15,7.76,few clouds
434,Dashitou,CN,2022-02-05 01:05:30,43.3067,128.5114,2.95,80,97,11.16,overcast clouds
435,Qasigiannguit,GL,2022-02-05 01:05:30,68.8193,-51.1922,12.45,91,100,5.44,overcast clouds
436,Pointe Michel,DM,2022-02-05 01:05:31,15.25,-61.3833,76.14,75,1,9.08,clear sky
437,Carauari,BR,2022-02-05 01:05:31,-4.8828,-66.8958,72.84,97,76,0.38,broken clouds
438,Melbu,NO,2022-02-05 01:05:32,68.5044,14.8297,22.53,88,36,10.18,scattered clouds
439,Tynda,RU,2022-02-05 01:05:32,55.1667,124.7167,-1.77,77,100,7.09,overcast clouds
440,Preston,GB,2022-02-05 01:05:32,53.7667,-2.7167,42.85,81,18,15.99,few clouds
441,Clarence Town,AU,2022-02-05 01:05:33,-32.5833,151.7833,76.28,54,64,10.69,broken clouds
442,Sarkand,KZ,2022-02-05 01:05:33,45.41,79.9186,15.82,64,12,7.47,few clouds
443,Ahipara,NZ,2022-02-05 01:05:34,-35.1667,173.1667,77.23,76,77,16.62,broken clouds
444,Dondo,MZ,2022-02-05 01:05:34,-19.6094,34.7431,81.91,89,97,1.19,light rain
445,Yenangyaung,MM,2022-02-05 01:05:34,20.4667,94.8833,65.55,46,0,2.8,clear sky
446,Flin Flon,CA,2022-02-05 01:05:35,54.7682,-101.865,-9.72,93,100,5.5,overcast clouds
447,Grand Gaube,MU,2022-02-05 01:05:35,-20.0064,57.6608,79.38,82,98,11.01,overcast clouds
448,Loiza,PR,2022-02-05 01:05:36,18.4313,-65.8802,73.87,88,20,0.0,few clouds
449,Wheeling,US,2022-02-05 01:05:36,42.1392,-87.929,20.34,83,100,3.0,overcast clouds
450,Riyadh,SA,2022-02-05 01:05:37,24.6877,46.7219,68.14,39,2,16.98,clear sky
451,Maholi,IN,2022-02-05 01:05:37,27.6667,80.4667,47.14,94,0,4.5,clear sky
452,Touros,BR,2022-02-05 01:01:31,-5.1989,-35.4608,80.49,73,3,13.31,clear sky
453,Novoanninskiy,RU,2022-02-05 01:05:38,50.5287,42.6747,15.08,96,98,7.9,overcast clouds
454,Jurado,CO,2022-02-05 01:05:38,7.1053,-77.7641,76.64,88,9,0.51,light rain
455,Varkaus,FI,2022-02-05 01:05:39,62.3153,27.873,19.51,90,100,16.02,light snow
456,Rajanpur,PK,2022-02-05 01:05:39,29.1035,70.325,51.91,50,0,8.68,clear sky
457,Tlacotepec,MX,2022-02-05 01:05:40,20.0667,-97.8667,40.77,98,100,4.09,overcast clouds
458,Praia,CV,2022-02-05 01:05:40,14.9215,-23.5087,70.34,78,0,13.8,clear sky
459,Isiro,CD,2022-02-05 01:05:40,2.7739,27.616,71.87,53,100,2.42,overcast clouds
460,Oranjestad,AW,2022-02-05 01:04:05,12.524,-70.027,79.02,79,0,19.46,clear sky
461,Henties Bay,NA,2022-02-05 01:06:41,-22.116,14.2845,65.86,83,100,4.21,overcast clouds
462,Mazatlan,MX,2022-02-05 01:06:36,23.2167,-106.4167,69.91,68,0,11.01,clear sky
463,Paragould,US,2022-02-05 01:06:42,36.0584,-90.4973,30.09,93,6,5.57,clear sky
464,Dubai,AE,2022-02-05 01:06:42,25.2582,55.3047,69.22,77,0,2.3,clear sky
465,Yarkovo,RU,2022-02-05 01:06:43,57.4028,67.0786,21.0,90,100,6.33,overcast clouds
466,Ostrovnoy,RU,2022-02-05 01:06:44,68.0531,39.5131,11.71,87,100,20.07,overcast clouds
467,Fort Nelson,CA,2022-02-05 01:06:44,58.8053,-122.7002,-9.81,70,100,3.44,light snow
468,San Rafael,AR,2022-02-05 01:06:45,-34.6177,-68.3301,66.7,61,19,11.32,few clouds
469,Sovkhoznyy,RU,2022-02-05 01:06:45,45.2946,38.1138,31.24,89,100,11.54,light snow
470,Trinidad,BO,2022-02-05 01:06:45,-14.8333,-64.9,75.61,95,100,5.28,light rain
471,Rura,IN,2022-02-05 01:06:46,26.4833,79.9,48.24,89,0,4.09,clear sky
472,Lata,PT,2022-02-05 01:06:46,40.1629,-8.3327,47.05,96,100,2.01,overcast clouds
473,Okhotsk,RU,2022-02-05 01:06:47,59.3833,143.3,1.89,72,100,15.77,overcast clouds
474,San Ramon,US,2022-02-05 01:06:28,37.7799,-121.978,62.33,53,0,1.99,haze
475,Catio,GW,2022-02-05 01:06:47,11.2833,-15.25,71.96,83,0,3.44,clear sky
476,Udarnyy,RU,2022-02-05 01:06:48,54.3409,42.8611,18.21,94,100,9.33,light snow
477,Rovaniemi,FI,2022-02-05 01:06:48,66.5,25.7167,20.61,93,100,12.66,light snow
478,Suoyarvi,RU,2022-02-05 01:06:48,62.0833,32.35,11.39,90,100,12.1,light snow
479,Pereslavl-Zalesskiy,RU,2022-02-05 01:06:49,56.7393,38.8563,-1.16,100,100,2.98,overcast clouds
480,Gao,ML,2022-02-05 01:01:53,16.6362,1.637,59.43,14,0,11.97,clear sky
481,Khanpur,PK,2022-02-05 01:06:49,28.6453,70.6567,54.75,50,0,7.74,clear sky
482,Mayo,US,2022-02-05 01:06:50,38.8876,-76.5119,38.41,86,100,10.0,overcast clouds
483,Zhanaozen,KZ,2022-02-05 01:06:50,43.3,52.8,40.15,85,100,9.04,overcast clouds
484,Otane,NZ,2022-02-05 01:06:51,-39.8833,176.6333,67.01,67,78,11.59,broken clouds
485,Kalmunai,LK,2022-02-05 01:06:51,7.4167,81.8167,72.64,81,89,1.7,overcast clouds
486,Sao Joao Da Barra,BR,2022-02-05 01:06:51,-21.6403,-41.0511,76.46,85,96,23.09,overcast clouds
487,Chunskiy,RU,2022-02-05 01:06:52,56.0815,99.6342,8.78,92,100,3.18,overcast clouds
488,Wilmington,US,2022-02-05 01:02:05,34.2257,-77.9447,65.98,88,100,9.22,moderate rain
489,Dhidhdhoo,MV,2022-02-05 01:06:53,6.8833,73.1,81.12,64,89,8.59,overcast clouds
490,Berettyoujfalu,HU,2022-02-05 01:06:53,47.2167,21.55,34.9,76,100,8.5,overcast clouds
491,Hutchinson,US,2022-02-05 01:06:25,38.0608,-97.9298,28.35,64,0,3.44,clear sky
492,Wanning,CN,2022-02-05 01:06:54,18.8003,110.3967,64.15,86,100,9.86,overcast clouds
493,Atherton,GB,2022-02-05 01:06:54,53.5237,-2.4935,42.42,80,16,8.01,few clouds
494,Hami,CN,2022-02-05 01:06:55,42.8,93.45,22.37,37,100,1.28,overcast clouds
495,Jinchang,CN,2022-02-05 01:06:55,38.4953,102.1739,16.92,37,100,3.67,overcast clouds
496,Bambous Virieux,MU,2022-02-05 01:06:56,-20.3428,57.7575,79.21,94,75,14.97,light rain
497,Parambu,BR,2022-02-05 01:06:56,-6.2111,-40.6944,76.78,63,97,3.89,overcast clouds
498,Mungwi,ZM,2022-02-05 01:06:56,-10.1732,31.3694,59.56,96,100,3.47,overcast clouds
499,Sitrah,BH,2022-02-05 01:06:57,26.1547,50.6206,68.0,70,0,3.0,clear sky
500,Abu Samrah,SY,2022-02-05 01:06:57,35.3029,37.1841,42.94,92,6,6.55,clear sky
501,Uaua,BR,2022-02-05 01:06:58,-9.8414,-39.4817,81.57,49,100,13.35,overcast clouds
502,Berlevag,NO,2022-02-05 01:06:58,70.8578,29.0864,22.14,84,100,29.97,light snow
503,Deputatskiy,RU,2022-02-05 01:06:59,69.3,139.9,-28.91,100,62,2.48,broken clouds
504,Aklavik,CA,2022-02-05 01:07:59,68.2191,-135.0107,-24.95,91,6,17.11,clear sky
505,Tazovskiy,RU,2022-02-05 01:07:59,67.4667,78.7,7.16,96,100,6.62,overcast clouds
506,Aksarka,RU,2022-02-05 01:08:00,66.5606,67.7975,-1.73,100,82,2.42,broken clouds
507,Tiznit,MA,2022-02-05 01:08:00,29.5833,-9.5,62.06,32,100,2.17,overcast clouds
508,Garissa,KE,2022-02-05 01:08:01,-0.4536,39.6401,77.52,68,100,6.96,overcast clouds
509,Mufumbwe,ZM,2022-02-05 01:08:01,-13.6833,24.8,63.18,98,99,2.51,overcast clouds
510,Nishihara,JP,2022-02-05 01:08:02,26.1842,127.7558,60.85,57,40,14.97,scattered clouds
511,Marechal Floriano,BR,2022-02-05 01:08:02,-20.4128,-40.6831,66.45,98,100,4.29,overcast clouds
512,Varhaug,NO,2022-02-05 01:08:03,58.6147,5.6457,40.89,68,100,23.69,overcast clouds
513,Adrar,MR,2022-02-05 01:08:03,20.5022,-10.0711,64.65,11,0,9.6,clear sky
514,Jizan,SA,2022-02-05 01:08:04,17.3333,42.6667,77.79,78,0,4.99,clear sky
515,Londoko,RU,2022-02-05 01:08:04,49.0333,131.9833,-4.99,86,100,3.18,overcast clouds
516,Bandarbeyla,SO,2022-02-05 01:08:05,9.4942,50.8122,72.39,75,0,4.27,clear sky
517,Honiara,SB,2022-02-05 01:08:05,-9.4333,159.95,86.22,72,100,6.64,overcast clouds
518,Vanavara,RU,2022-02-05 01:08:05,60.34,102.2797,5.88,95,100,5.79,overcast clouds
519,Tual,ID,2022-02-05 01:08:06,-5.6667,132.75,83.71,78,100,16.96,overcast clouds
520,Mbanza-Ngungu,CD,2022-02-05 01:08:07,-5.25,14.8667,66.76,93,50,2.71,light rain
521,Hailar,CN,2022-02-05 01:08:07,49.2,119.7,-2.29,89,100,5.93,overcast clouds
522,Ust-Maya,RU,2022-02-05 01:08:08,60.4167,134.5333,-24.11,97,91,0.98,overcast clouds
523,Lyubech,UA,2022-02-05 01:08:08,51.7026,30.6569,10.06,98,73,6.29,broken clouds
524,Chipinge,ZW,2022-02-05 01:08:09,-20.1883,32.6236,64.42,90,96,2.66,light rain
525,Jijiga,ET,2022-02-05 01:08:09,9.35,42.8,58.93,17,5,5.68,clear sky
526,Raga,SS,2022-02-05 01:08:09,8.4596,25.678,71.19,18,60,8.79,broken clouds
527,Obo,CF,2022-02-05 01:08:10,5.3998,26.4869,72.52,24,100,4.83,overcast clouds
528,Shenzhen,CN,2022-02-05 01:08:10,22.5455,114.0683,59.14,85,100,6.87,overcast clouds
529,Maua,BR,2022-02-05 01:08:11,-23.6678,-46.4614,75.0,77,95,5.14,overcast clouds
530,Sao Paulo De Olivenca,BR,2022-02-05 01:08:11,-3.3783,-68.8725,73.18,99,100,2.01,light rain
531,Pemberton,CA,2022-02-05 01:08:12,50.3164,-122.8027,42.04,98,100,5.57,overcast clouds
532,Kuytun,RU,2022-02-05 01:08:12,54.3419,101.5036,-6.48,98,100,4.18,overcast clouds
533,Leua,SK,2022-02-05 01:08:13,48.2156,18.6071,38.35,85,100,0.09,overcast clouds
534,Ambilobe,MG,2022-02-05 01:08:13,-13.2,49.05,75.54,92,100,11.07,light rain
535,Hurghada,EG,2022-02-05 01:08:14,27.2574,33.8129,56.21,56,5,14.07,clear sky
536,Petatlan,MX,2022-02-05 01:08:14,17.5167,-101.2667,80.4,74,0,0.54,clear sky
537,Ambon,ID,2022-02-05 01:08:15,-3.6954,128.1814,87.94,66,0,4.61,clear sky
538,Dharchula,IN,2022-02-05 01:08:15,29.85,80.5333,31.26,74,0,9.17,clear sky
539,Bangassou,CF,2022-02-05 01:08:15,4.7413,22.8184,69.37,46,48,3.6,scattered clouds
540,Uyovu,TZ,2022-02-05 01:08:16,-3.2833,31.5258,62.02,98,100,5.41,overcast clouds
541,Shushtar,IR,2022-02-05 01:08:16,32.0455,48.8567,55.69,61,100,8.21,overcast clouds
542,Maneadero,MX,2022-02-05 01:08:09,31.7167,-116.5667,63.1,30,6,3.18,clear sky
543,Callaway,US,2022-02-05 01:08:17,30.153,-85.5699,48.13,95,100,3.0,overcast clouds
544,Taylor,US,2022-02-05 01:08:17,32.3001,-99.8337,33.53,70,0,3.0,clear sky
545,Istisu,AZ,2022-02-05 01:08:18,40.9457,48.0738,34.47,86,74,1.99,broken clouds
546,Richards Bay,ZA,2022-02-05 01:08:18,-28.783,32.0377,71.13,93,100,14.45,moderate rain
547,Matay,EG,2022-02-05 01:08:19,28.419,30.7792,49.89,74,5,8.57,clear sky
548,Polyarnyy,RU,2022-02-05 01:10:26,69.1989,33.4478,12.67,86,100,25.9,light snow
549,Nkongsamba,CM,2022-02-05 01:10:27,4.9547,9.9404,67.23,77,1,2.21,clear sky
550,Gazalkent,UZ,2022-02-05 01:10:27,41.5581,69.7708,26.96,26,100,11.18,overcast clouds
551,Rocha,UY,2022-02-05 01:10:28,-34.4833,-54.3333,66.33,96,3,4.32,clear sky
552,Ngunguru,NZ,2022-02-05 01:10:28,-35.6167,174.5,77.16,82,91,15.39,overcast clouds
553,Worthington,US,2022-02-05 01:10:29,40.0931,-83.018,21.15,85,75,5.75,broken clouds
554,Baruun-Urt,MN,2022-02-05 01:10:29,46.6806,113.2792,-0.63,88,28,7.78,scattered clouds
555,Ati,TD,2022-02-05 01:10:30,13.2154,18.3353,63.03,19,5,14.99,clear sky
556,Qaqortoq,GL,2022-02-05 01:10:30,60.7167,-46.0333,3.81,55,8,21.74,clear sky
557,Banjar,ID,2022-02-05 01:10:30,-8.19,114.9675,82.26,67,66,2.46,broken clouds
558,Aitape,PG,2022-02-05 01:10:31,-3.1374,142.3475,84.11,72,43,7.18,scattered clouds
559,Dudinka,RU,2022-02-05 01:10:31,69.4058,86.1778,-2.11,98,96,5.3,overcast clouds
560,Bad Hersfeld,DE,2022-02-05 01:10:32,50.8667,9.7,38.44,90,100,15.05,overcast clouds
561,Mbaiki,CF,2022-02-05 01:10:32,3.8678,17.9892,70.52,21,100,2.91,overcast clouds
562,Xiamen,CN,2022-02-05 01:10:05,24.4798,118.0819,52.25,75,86,17.2,overcast clouds
563,Antsohihy,MG,2022-02-05 01:10:33,-14.8796,47.9875,71.8,99,100,2.37,moderate rain
564,Asosa,ET,2022-02-05 01:10:33,10.0667,34.5333,62.1,23,93,6.67,overcast clouds
565,At-Bashi,KG,2022-02-05 01:10:34,41.1702,75.8106,-5.42,77,14,4.72,few clouds
566,Vestmannaeyjar,IS,2022-02-05 01:10:34,63.4427,-20.2734,32.02,66,100,30.4,snow
567,Acapulco,MX,2022-02-05 01:10:34,16.8634,-99.8901,78.62,73,20,0.0,few clouds
568,Olinda,BR,2022-02-05 01:10:35,-8.0089,-34.8553,82.13,65,40,6.91,scattered clouds
569,Mackay,AU,2022-02-05 01:10:35,-21.15,149.2,84.69,71,89,21.43,overcast clouds
570,Nakonde,ZM,2022-02-05 01:10:36,-9.3421,32.745,57.36,98,100,3.31,light rain
571,Skorodnoye,RU,2022-02-05 01:10:36,51.071,37.2276,17.49,97,63,8.01,broken clouds
572,Charters Towers,AU,2022-02-05 01:10:37,-20.1,146.2667,83.1,52,8,12.97,clear sky
573,Phan Thiet,VN,2022-02-05 01:07:25,10.9333,108.1,78.33,63,100,9.26,overcast clouds
574,Pokrovsk,UA,2022-02-05 01:10:37,48.282,37.1758,14.81,98,99,7.11,overcast clouds
575,Lorengau,PG,2022-02-05 01:10:38,-2.0226,147.2712,84.85,63,99,7.16,overcast clouds
576,Osypenko,UA,2022-02-05 01:10:38,46.9136,36.8253,28.83,83,38,11.05,scattered clouds
577,Humberto De Campos,BR,2022-02-05 01:10:39,-2.5983,-43.4611,75.13,94,100,4.99,moderate rain
578,Spremberg,DE,2022-02-05 01:10:39,51.5697,14.3736,41.2,81,100,17.22,overcast clouds
579,Barao De Melgaco,BR,2022-02-05 01:10:40,-16.1944,-55.9675,81.12,87,76,4.12,broken clouds
580,Kalianget,ID,2022-02-05 01:10:40,-7.05,113.9333,81.88,78,89,7.74,overcast clouds
581,Kushiro,JP,2022-02-05 01:09:21,42.975,144.3747,23.0,74,11,3.22,few clouds
582,Pochutla,MX,2022-02-05 01:10:41,15.7432,-96.4661,80.82,71,0,5.53,clear sky
583,Marigot,MF,2022-02-05 01:10:41,18.0667,-63.0833,73.18,83,20,6.91,few clouds
584,Cockburn Town,TC,2022-02-05 01:10:42,21.4612,-71.1419,75.16,64,40,11.5,scattered clouds
585,Litovko,RU,2022-02-05 01:10:42,49.2361,135.1742,-0.58,92,100,1.77,overcast clouds
586,Nabire,ID,2022-02-05 01:10:42,-3.3667,135.4833,84.56,69,100,2.73,overcast clouds
587,Uzunovo,RU,2022-02-05 01:10:43,54.5386,38.6173,3.85,98,65,7.74,broken clouds
588,Port Shepstone,ZA,2022-02-05 01:10:43,-30.7414,30.455,70.27,91,100,7.31,moderate rain
589,Le Mans,FR,2022-02-05 01:10:09,48.0,0.2,33.62,93,12,2.3,few clouds
590,Timra,SE,2022-02-05 01:10:44,62.487,17.3257,28.11,100,39,2.3,fog
591,Iquique,CL,2022-02-05 01:07:15,-20.2208,-70.1431,66.24,77,87,2.64,overcast clouds
592,Caravelas,BR,2022-02-05 01:10:44,-17.7125,-39.2481,77.2,85,100,7.23,overcast clouds
593,Tuyen Quang,VN,2022-02-05 01:10:45,21.8233,105.2181,56.44,75,100,1.3,overcast clouds
594,Taltal,CL,2022-02-05 01:10:45,-25.4,-70.4833,68.92,70,0,3.87,clear sky
595,Snezhnogorsk,RU,2022-02-05 01:11:46,69.1933,33.2531,11.98,86,100,22.82,overcast clouds
596,Ust-Nera,RU,2022-02-05 01:11:46,64.5667,143.2,-16.87,80,96,1.41,overcast clouds
597,Severodvinsk,RU,2022-02-05 01:11:47,64.5635,39.8302,-9.29,96,87,9.1,overcast clouds
598,Half Moon Bay,US,2022-02-05 01:11:47,37.4636,-122.4286,64.58,52,0,5.75,haze
599,La Asuncion,VE,2022-02-05 01:11:47,11.0333,-63.8628,75.87,82,0,12.33,clear sky
600,Bondo,CD,2022-02-05 01:11:48,3.8146,23.6866,70.74,51,100,1.43,overcast clouds
601,Capalayan,PH,2022-02-05 01:11:48,9.7406,125.5444,78.91,85,100,13.98,overcast clouds
602,Port Macquarie,AU,2022-02-05 01:11:49,-31.4333,152.9167,74.89,58,97,14.03,overcast clouds
603,Ust-Kut,RU,2022-02-05 01:11:49,56.7938,105.7672,2.84,99,100,3.58,overcast clouds
604,Aksha,RU,2022-02-05 01:11:50,50.2814,113.2867,3.67,81,97,7.63,overcast clouds
605,Yichun,CN,2022-02-05 01:11:50,47.7,128.9,-6.25,91,100,3.42,overcast clouds
606,Lons-Le-Saunier,FR,2022-02-05 01:11:51,46.75,5.75,44.24,99,100,2.3,overcast clouds
607,Pottsville,US,2022-02-05 01:11:51,40.6857,-76.1955,29.12,90,100,11.27,overcast clouds
608,Cayenne,GF,2022-02-05 01:11:52,4.9333,-52.3333,80.1,88,75,3.0,broken clouds
609,Port Moresby,PG,2022-02-05 01:09:24,-9.4431,147.1797,85.66,66,58,13.0,broken clouds
610,Iranshahr,IR,2022-02-05 01:07:17,27.2025,60.6848,58.28,18,0,1.97,clear sky
611,Mont-Dore,NC,2022-02-05 01:11:52,-22.2833,166.5833,91.38,73,100,5.88,overcast clouds
612,Hede,CN,2022-02-05 01:11:53,33.7681,120.2517,33.44,36,0,11.77,clear sky
613,Shar,KZ,2022-02-05 01:11:53,49.5886,81.0453,-7.78,90,5,6.49,clear sky
614,Zhigalovo,RU,2022-02-05 01:11:54,54.8097,105.1578,4.05,99,100,2.39,overcast clouds
615,Cavalcante,BR,2022-02-05 01:11:54,-13.7975,-47.4583,69.78,87,86,2.1,moderate rain
616,Bhind,IN,2022-02-05 01:11:55,26.5642,78.7883,47.71,88,0,1.1,clear sky
617,A Coruna,ES,2022-02-05 01:11:55,43.3713,-8.396,50.58,92,75,1.99,broken clouds
618,Lixourion,GR,2022-02-05 01:11:56,38.2019,20.4314,50.49,78,32,7.47,scattered clouds
619,Roebourne,AU,2022-02-05 01:11:56,-20.7833,117.1333,91.35,54,12,16.31,few clouds
620,Jalalabad,AF,2022-02-05 01:11:56,34.4265,70.4515,41.92,27,0,2.86,clear sky
621,Avera,US,2022-02-05 01:11:57,33.194,-82.5271,54.28,85,100,10.16,overcast clouds
622,Roald,NO,2022-02-05 01:11:57,62.5833,6.1333,39.34,65,75,33.38,light intensity shower rain
623,Mahina,PF,2022-02-05 01:11:58,-17.5065,-149.489,85.77,62,40,19.57,light rain
624,Debre Birhan,ET,2022-02-05 01:11:58,9.6833,39.5333,47.86,21,75,4.34,broken clouds
625,Marondera,ZW,2022-02-05 01:11:59,-18.1853,31.5519,57.34,98,100,4.56,overcast clouds
626,Havre-Saint-Pierre,CA,2022-02-05 01:11:59,50.2334,-63.5986,2.21,78,100,14.03,overcast clouds
627,Pinhal Novo,PT,2022-02-05 01:12:00,38.6311,-8.9138,54.21,85,78,6.87,broken clouds
628,Asmar,AF,2022-02-05 01:12:00,35.0333,71.3581,37.22,24,0,10.65,clear sky
629,Ntchisi,MW,2022-02-05 01:12:00,-13.5278,33.9149,59.25,88,100,5.68,overcast clouds
630,Oranjemund,NA,2022-02-05 01:12:01,-28.55,16.4333,63.27,87,2,11.36,clear sky
631,Vestmanna,FO,2022-02-05 01:12:01,62.1564,-7.1664,34.72,48,75,17.27,broken clouds
632,Siderno,IT,2022-02-05 01:12:02,38.2779,16.302,54.84,51,92,5.01,overcast clouds
633,Bara,NG,2022-02-05 01:12:02,10.3744,10.7288,63.59,22,0,8.01,clear sky
634,Skibbereen,IE,2022-02-05 01:12:02,51.55,-9.2667,48.11,74,86,12.68,overcast clouds
635,Adre,TD,2022-02-05 01:12:03,13.4667,22.2,59.18,22,2,19.84,clear sky
636,San Francisco,US,2022-02-05 01:10:51,37.7749,-122.4194,63.93,54,20,1.01,few clouds
637,Nuuk,GL,2022-02-05 01:09:27,64.1835,-51.7216,7.41,85,100,6.91,light snow
638,Iralaya,HN,2022-02-05 01:12:04,15.0,-83.2333,77.09,81,7,7.27,clear sky
639,Agutaya,PH,2022-02-05 01:12:04,11.148,120.9417,79.47,81,93,27.96,overcast clouds
640,Leshukonskoye,RU,2022-02-05 01:12:05,64.8989,45.7622,-10.35,100,99,3.91,overcast clouds
641,Nouadhibou,MR,2022-02-05 01:12:05,20.931,-17.0347,66.13,73,0,10.51,clear sky
642,Muncar,ID,2022-02-05 01:12:06,-8.4333,114.3333,76.96,83,95,2.66,overcast clouds
643,Visnes,NO,2022-02-05 01:13:06,59.3556,5.2242,41.22,81,75,21.85,broken clouds
644,Tondi,IN,2022-02-05 01:13:06,9.7333,79.0167,78.66,73,83,3.11,broken clouds
645,Wagar,SD,2022-02-05 01:13:07,16.1525,36.2032,66.09,59,5,12.88,clear sky
646,Ipixuna,BR,2022-02-05 01:13:07,-1.7625,-48.8043,76.95,98,100,3.96,overcast clouds
647,Horki,BY,2022-02-05 01:13:08,54.2861,30.9842,2.68,100,100,7.23,overcast clouds
648,Whitefish,US,2022-02-05 01:10:19,48.4111,-114.3376,38.37,85,100,0.0,overcast clouds
649,Mount Pleasant,US,2022-02-05 01:13:08,32.7941,-79.8626,66.34,98,100,4.0,overcast clouds
650,Korla,CN,2022-02-05 01:13:09,41.7597,86.1469,24.87,46,100,5.77,overcast clouds
651,Jackson,US,2022-02-05 01:11:41,42.4165,-122.8345,52.16,56,0,0.0,clear sky
652,Penzance,GB,2022-02-05 01:13:09,50.1186,-5.5371,46.76,68,6,16.62,clear sky
653,Gigant,RU,2022-02-05 01:13:10,46.5066,41.3419,31.75,96,100,7.09,snow
654,Bani,DO,2022-02-05 01:13:10,18.2833,-70.3333,73.74,76,2,14.88,clear sky
655,Yenagoa,NG,2022-02-05 01:13:11,4.9247,6.2642,77.76,85,6,3.33,clear sky
656,Redwater,US,2022-02-05 01:13:11,33.3582,-94.2544,33.01,96,44,5.3,scattered clouds
657,Do Gonbadan,IR,2022-02-05 01:13:11,30.3586,50.7981,54.81,81,67,5.64,broken clouds
658,Kattivakkam,IN,2022-02-05 01:13:12,13.2167,80.3167,78.08,88,85,3.58,overcast clouds
659,Sunrise Manor,US,2022-02-05 01:13:12,36.2111,-115.0731,56.71,20,0,6.91,clear sky
660,Xiongyue,CN,2022-02-05 01:13:13,40.1774,122.1228,16.38,59,0,12.86,clear sky
661,Coquimbo,CL,2022-02-05 01:13:01,-29.9533,-71.3436,64.13,82,0,3.44,clear sky
662,Buraydah,SA,2022-02-05 01:13:13,26.326,43.975,55.22,35,0,9.1,clear sky
663,Ruston,US,2022-02-05 01:12:38,32.5232,-92.6379,32.9,84,100,5.95,overcast clouds
664,Kem,RU,2022-02-05 01:13:14,64.9555,34.5793,12.4,88,100,16.37,overcast clouds
665,Misato,JP,2022-02-05 01:13:14,35.8346,139.8743,47.05,37,35,12.75,scattered clouds
666,Karasjok,NO,2022-02-05 01:13:15,69.4719,25.5112,12.31,93,100,21.92,light snow
667,Ponta Delgada,PT,2022-02-05 01:13:15,37.7333,-25.6667,59.5,77,40,8.05,scattered clouds
668,Berkak,NO,2022-02-05 01:13:16,62.825,10.0118,24.78,87,100,8.52,light snow
669,Kropotkin,RU,2022-02-05 01:13:16,45.4375,40.5756,30.24,95,99,13.35,light snow
670,Igarka,RU,2022-02-05 01:13:17,67.4667,86.5833,6.57,96,100,9.57,light snow
671,Iqaluit,CA,2022-02-05 01:13:17,63.7506,-68.5145,-24.41,91,100,1.88,overcast clouds
672,Waterloo,CA,2022-02-05 01:10:24,43.4668,-80.5164,13.32,92,100,4.0,overcast clouds
673,Bereda,ES,2022-02-05 01:13:18,43.2686,-7.5406,46.0,100,100,5.17,overcast clouds
674,Marovoay,MG,2022-02-05 01:13:18,-16.1,46.6333,80.74,92,100,7.25,moderate rain
675,Galesburg,US,2022-02-05 01:13:19,40.9478,-90.3712,16.02,72,0,5.01,clear sky
676,Eskisehir,TR,2022-02-05 01:13:19,39.7767,30.5206,19.31,93,0,2.3,clear sky
677,Alyangula,AU,2022-02-05 01:13:20,-13.8483,136.4192,76.87,100,100,8.05,light rain
678,Kupang,ID,2022-02-05 01:13:20,-10.1667,123.5833,82.35,78,39,8.14,scattered clouds
679,Soyo,AO,2022-02-05 01:13:20,-6.1349,12.3689,77.04,82,59,4.59,broken clouds
680,Bhandara,IN,2022-02-05 01:13:21,21.1667,79.65,50.59,38,10,4.27,clear sky
681,Leh,IN,2022-02-05 01:13:21,34.1667,77.5833,-7.35,90,100,3.89,overcast clouds
682,Hanmer Springs,NZ,2022-02-05 01:13:22,-42.5167,172.8167,52.21,98,100,3.71,overcast clouds
683,Minden,DE,2022-02-05 01:13:22,52.2833,8.9167,41.04,89,92,14.97,overcast clouds
684,Pontianak,ID,2022-02-05 01:13:22,-0.0333,109.3333,76.98,88,20,2.3,few clouds
685,Dimitrie Cantemir,RO,2022-02-05 01:13:23,46.5078,28.0547,30.83,65,22,3.0,few clouds
686,Zakamensk,RU,2022-02-05 01:13:23,50.3741,103.2863,-8.64,97,24,3.78,few clouds
687,Taucha,DE,2022-02-05 01:13:24,51.3833,12.4833,40.98,78,40,1.99,scattered clouds
688,Kokopo,PG,2022-02-05 01:13:24,-4.352,152.2633,85.78,58,23,10.69,few clouds
689,Vanimo,PG,2022-02-05 01:14:25,-2.6741,141.3028,84.7,70,77,6.04,broken clouds
690,Craig,US,2022-02-05 01:14:25,40.5153,-107.5464,21.15,53,0,0.0,clear sky
691,Mauganj,IN,2022-02-05 01:14:26,24.6833,81.8833,50.02,68,0,3.49,clear sky
692,North Bend,US,2022-02-05 01:14:26,43.4065,-124.2243,51.94,93,100,3.44,overcast clouds
693,Harboore,DK,2022-02-05 01:14:26,56.6175,8.1807,37.22,73,62,25.26,broken clouds
694,Tomatlan,MX,2022-02-05 01:14:27,19.9333,-105.25,72.79,63,5,4.34,clear sky
695,Kristiansund,NO,2022-02-05 01:14:27,63.1115,7.732,38.05,70,75,27.63,light rain
696,Maues,BR,2022-02-05 01:14:28,-3.3836,-57.7186,73.42,94,100,2.01,overcast clouds
697,San Juan,AR,2022-02-05 01:14:08,-31.5375,-68.5364,80.44,27,0,7.96,clear sky
698,Koumac,NC,2022-02-05 01:14:28,-20.5667,164.2833,81.79,82,100,14.09,moderate rain
699,Gombe,NG,2022-02-05 01:14:29,10.2897,11.1673,65.1,21,0,9.69,clear sky
700,Nyrob,RU,2022-02-05 01:14:29,60.733,56.7202,8.89,96,100,3.94,overcast clouds
701,Valley,US,2022-02-05 01:14:30,45.1277,-116.1262,21.61,79,100,7.9,overcast clouds
702,Ladario,BR,2022-02-05 01:12:45,-19.0047,-57.6017,78.85,74,3,2.91,clear sky
703,Silver City,US,2022-02-05 01:10:33,32.7701,-108.2803,31.68,32,0,8.99,clear sky
704,Manokwari,ID,2022-02-05 01:14:31,-0.8667,134.0833,82.71,70,100,7.4,overcast clouds
705,Esso,RU,2022-02-05 01:14:31,55.9333,158.7,13.78,90,100,4.05,overcast clouds
706,Ulety,RU,2022-02-05 01:14:31,51.3572,112.4849,-2.99,96,99,4.68,overcast clouds
707,Antofagasta,CL,2022-02-05 01:11:52,-23.65,-70.4,73.22,59,7,7.02,clear sky
708,Flinders,AU,2022-02-05 01:14:32,-34.5833,150.8552,74.17,62,80,10.0,broken clouds
709,Neiafu,TO,2022-02-05 01:14:33,-18.65,-173.9833,77.68,100,75,4.61,light rain
